learning evaluation instances,evaluation time (cpu seconds),model cost (RAM-Hours),classified instances,classifications correct (percent),Kappa Statistic (percent),model training instances,model serialized size (bytes),ensemble size,change detections,[avg] model training instances,[err] model training instances,[avg] model serialized size (bytes),[err] model serialized size (bytes),[avg] tree size (nodes),[err] tree size (nodes),[avg] tree size (leaves),[err] tree size (leaves),[avg] active learning leaves,[err] active learning leaves,[avg] tree depth,[err] tree depth,[avg] active leaf byte size estimate,[err] active leaf byte size estimate,[avg] inactive leaf byte size estimate,[err] inactive leaf byte size estimate,[avg] byte size estimate overhead,[err] byte size estimate overhead
3.0,0.037928357,1.3691402201727034E-9,3.0,33.33333333333333,0.0,3.0,139536.0,10.0,0.0,2.4000000000000004,0.45215533220835114,6012.8,671.0980190040133,0.8999999999999999,0.09999999999999999,0.8999999999999999,0.09999999999999999,0.8999999999999999,0.09999999999999999,0.0,0.0,0.0,0.0,0.0,0.0,1.0,0.0
6.0,0.066415808,2.4549658676423134E-9,6.0,50.0,0.0,6.0,147336.0,10.0,0.0,5.4,1.0974718422102885,6620.0,231.77383612287022,1.0,0.0,1.0,0.0,1.0,0.0,0.0,0.0,0.0,0.0,0.0,0.0,1.0,0.0
9.0,0.083741865,3.133974976036698E-9,9.0,66.66666666666666,0.0,9.0,151488.0,10.0,0.0,8.2,1.103529690483123,7035.2,150.85038945922548,1.0,0.0,1.0,0.0,1.0,0.0,0.0,0.0,0.0,0.0,0.0,0.0,1.0,0.0
12.0,0.098507224,3.720758745097038E-9,12.0,66.66666666666666,0.0,12.0,153616.0,10.0,0.0,10.8,0.9865765724632494,7244.799999999999,114.52518403293558,1.0,0.0,1.0,0.0,1.0,0.0,0.0,0.0,0.0,0.0,0.0,0.0,1.0,0.0
15.0,0.113537215,4.321231968276617E-9,15.0,73.33333333333333,0.0,15.0,154432.0,10.0,0.0,12.5,1.0137937550497031,7326.4,110.81147152809683,1.0,0.0,1.0,0.0,1.0,0.0,0.0,0.0,0.0,0.0,0.0,0.0,1.0,0.0
18.0,0.12874922,4.9401848500284055E-9,18.0,72.22222222222221,0.0,18.0,157280.0,10.0,0.0,14.7,1.0333333333333332,7441.6,42.14345869896195,1.0,0.0,1.0,0.0,1.0,0.0,0.0,0.0,0.0,0.0,0.0,0.0,1.0,0.0
21.0,0.137135817,5.282741598137137E-9,21.0,71.42857142857143,0.0,21.0,157888.0,10.0,0.0,16.4,0.9451631252505217,7502.4,34.989268195961,1.0,0.0,1.0,0.0,1.0,0.0,0.0,0.0,0.0,0.0,0.0,0.0,1.0,0.0
24.0,0.145311953,5.6171080243401225E-9,24.0,75.0,19.10112359550559,24.0,158080.0,10.0,0.0,17.2,1.0413666234542203,7521.6,36.12915104947189,1.0,0.0,1.0,0.0,1.0,0.0,0.0,0.0,0.0,0.0,0.0,0.0,1.0,0.0
27.0,0.153687648,5.96034620731655E-9,27.0,77.77777777777779,31.932773109243705,27.0,158408.0,10.0,0.0,20.999999999999996,1.1737877907772676,7552.8,33.059138928088664,1.0,0.0,1.0,0.0,1.0,0.0,0.0,0.0,0.0,0.0,0.0,0.0,1.0,0.0
30.0,0.162011753,6.303003476295205E-9,30.0,73.33333333333333,29.41176470588236,30.0,159120.0,10.0,0.0,29.9,1.369914839202301,7620.8,25.04963960707709,1.0,0.0,1.0,0.0,1.0,0.0,0.0,0.0,0.0,0.0,0.0,0.0,1.0,0.0
33.0,0.169659367,6.618668047520848E-9,33.0,72.72727272727273,27.027027027027025,33.0,159552.0,10.0,0.0,32.199999999999996,1.4742229591663987,7664.0,25.9914515861572,1.0,0.0,1.0,0.0,1.0,0.0,0.0,0.0,0.0,0.0,0.0,0.0,1.0,0.0
36.0,0.176499244,6.9042198249283756E-9,36.0,69.44444444444444,19.51219512195122,36.0,161376.0,10.0,0.0,37.5,2.477678124553084,7678.400000000001,19.66112916391122,1.0,0.0,1.0,0.0,1.0,0.0,0.0,0.0,0.0,0.0,0.0,0.0,1.0,0.0
39.0,0.183388638,7.191924392316076E-9,39.0,69.23076923076923,27.777777777777768,39.0,161424.0,10.0,0.0,39.2,2.0965580258021848,7683.2,19.16292717143642,1.0,0.0,1.0,0.0,1.0,0.0,0.0,0.0,0.0,0.0,0.0,0.0,1.0,0.0
42.0,0.190204777,7.477134062776134E-9,42.0,69.04761904761905,28.346456692913392,42.0,161744.0,10.0,0.0,42.9,1.6428295373802142,7715.2,9.480740711803303,1.0,0.0,1.0,0.0,1.0,0.0,0.0,0.0,0.0,0.0,0.0,0.0,1.0,0.0
45.0,0.19690954,7.757891538377022E-9,45.0,68.88888888888889,27.083333333333325,45.0,161864.0,10.0,0.0,48.0,1.9032136564826927,7727.200000000001,8.55414129725087,1.0,0.0,1.0,0.0,1.0,0.0,0.0,0.0,0.0,0.0,0.0,0.0,1.0,0.0
48.0,0.203492234,8.033578326820085E-9,48.0,68.75,24.68619246861925,48.0,161888.0,10.0,0.0,49.900000000000006,2.0300519971446813,7729.6,8.828237523864964,1.0,0.0,1.0,0.0,1.0,0.0,0.0,0.0,0.0,0.0,0.0,0.0,1.0,0.0
51.0,0.210003251,8.306344095127035E-9,51.0,66.66666666666666,19.944598337950126,51.0,161936.0,10.0,0.0,58.3,3.080584360149873,7734.4,8.499934640271597,1.0,0.0,1.0,0.0,1.0,0.0,0.0,0.0,0.0,0.0,0.0,0.0,1.0,0.0
54.0,0.216998138,8.599409562827398E-9,54.0,66.66666666666666,18.18181818181818,54.0,161952.0,10.0,0.0,61.0,2.973961069759395,7736.0,7.820201759261422,1.0,0.0,1.0,0.0,1.0,0.0,0.0,0.0,0.0,0.0,0.0,0.0,1.0,0.0
57.0,0.22414398,8.898814396065556E-9,57.0,68.42105263157895,19.718309859154914,57.0,161960.0,10.0,0.0,61.800000000000004,2.9544693074880453,7736.8,7.9509608084669825,1.0,0.0,1.0,0.0,1.0,0.0,0.0,0.0,0.0,0.0,0.0,0.0,1.0,0.0
60.0,0.230977255,9.185137074297915E-9,60.0,70.0,24.263674614305756,60.0,161968.0,10.0,0.0,63.5,2.7618431848636478,7737.599999999999,7.617523657112377,1.0,0.0,1.0,0.0,1.0,0.0,0.0,0.0,0.0,0.0,0.0,0.0,1.0,0.0
63.0,0.237707541,9.467144385988099E-9,63.0,71.42857142857143,30.769230769230788,63.0,161968.0,10.0,0.0,64.3,2.641758673476608,7737.599999999999,7.617523657112377,1.0,0.0,1.0,0.0,1.0,0.0,0.0,0.0,0.0,0.0,0.0,0.0,1.0,0.0
66.0,0.244250029,9.741404592425872E-9,66.0,72.72727272727273,34.14634146341466,66.0,162040.0,10.0,0.0,66.5,2.6214923654709015,7744.8,6.793460908190408,1.0,0.0,1.0,0.0,1.0,0.0,0.0,0.0,0.0,0.0,0.0,0.0,1.0,0.0
69.0,0.250632603,1.0009080110455137E-8,69.0,72.46376811594203,32.52702007205352,69.0,162112.0,10.0,0.0,69.60000000000001,2.844878439113582,7752.0,7.542472332656514,1.0,0.0,1.0,0.0,1.0,0.0,0.0,0.0,0.0,0.0,0.0,0.0,1.0,0.0
72.0,0.257063487,1.0278781676952623E-8,72.0,72.22222222222221,33.02325581395347,72.0,162112.0,10.0,0.0,74.79999999999998,3.0177254127350084,7752.0,7.542472332656514,1.0,0.0,1.0,0.0,1.0,0.0,0.0,0.0,0.0,0.0,0.0,0.0,1.0,0.0
75.0,0.263455977,1.0546992126456979E-8,75.0,70.66666666666667,29.487179487179493,75.0,162184.0,10.0,0.0,80.7,3.1271215020988374,7759.2,6.999682532483565,1.0,0.0,1.0,0.0,1.0,0.0,0.0,0.0,0.0,0.0,0.0,0.0,1.0,0.0
78.0,0.270044688,1.0826299010511073E-8,78.0,70.51282051282051,28.525896414342654,78.0,163864.0,10.0,0.0,89.5,3.499999999999999,7759.2,6.999682532483565,1.0,0.0,1.0,0.0,1.0,0.0,0.0,0.0,0.0,0.0,0.0,0.0,1.0,0.0
81.0,0.276503134,1.110008373533686E-8,81.0,71.60493827160494,31.381215469613256,81.0,163864.0,10.0,0.0,91.4,3.599999999999999,7759.2,6.999682532483565,1.0,0.0,1.0,0.0,1.0,0.0,0.0,0.0,0.0,0.0,0.0,0.0,1.0,0.0
84.0,0.282947419,1.1373308162204921E-8,84.0,72.61904761904762,34.01639344262295,84.0,163888.0,10.0,0.0,92.5,3.4034296427770223,7761.599999999999,6.618492611195161,1.0,0.0,1.0,0.0,1.0,0.0,0.0,0.0,0.0,0.0,0.0,0.0,1.0,0.0
87.0,0.289312695,1.1643195943621297E-8,87.0,73.5632183908046,36.45601778342332,87.0,163896.0,10.0,0.0,93.39999999999999,3.44222150491349,7762.400000000001,6.086779845607107,1.0,0.0,1.0,0.0,1.0,0.0,0.0,0.0,0.0,0.0,0.0,0.0,1.0,0.0
90.0,0.296318834,1.1940299824029206E-8,90.0,73.33333333333333,36.65689149560116,90.0,163920.0,10.0,0.0,98.5,3.715582801601325,7764.8,6.332982446420231,1.0,0.0,1.0,0.0,1.0,0.0,0.0,0.0,0.0,0.0,0.0,0.0,1.0,0.0
93.0,0.302755,1.2213246623629495E-8,93.0,73.11827956989248,36.9747899159664,93.0,163928.0,10.0,0.0,101.7,3.961060464067671,7765.599999999999,6.086779845607104,1.0,0.0,1.0,0.0,1.0,0.0,0.0,0.0,0.0,0.0,0.0,0.0,1.0,0.0
96.0,0.30914664,1.248431837984671E-8,96.0,73.95833333333334,39.02439024390245,96.0,163936.0,10.0,0.0,103.5,3.933474573735315,7766.4,6.173779681488121,1.0,0.0,1.0,0.0,1.0,0.0,0.0,0.0,0.0,0.0,0.0,0.0,1.0,0.0
99.0,0.315615308,1.2759286138146286E-8,99.0,73.73737373737373,38.09523809523808,99.0,164312.0,10.0,0.0,108.80000000000001,3.3359989341858136,7804.0,4.0000000000000036,1.0,0.0,1.0,0.0,1.0,0.0,0.0,0.0,0.0,0.0,0.0,0.0,1.0,0.0
102.0,0.322122711,1.3035927365084902E-8,102.0,72.54901960784314,36.5051133837261,102.0,164328.0,10.0,0.0,116.3,3.571647612330571,7805.6,3.587633079219744,1.0,0.0,1.0,0.0,1.0,0.0,0.0,0.0,0.0,0.0,0.0,0.0,1.0,0.0
105.0,0.328475394,1.3306004318344508E-8,105.0,72.38095238095238,36.7601246105919,105.0,164336.0,10.0,0.0,120.1,3.195309061734091,7806.4,3.7333333333333045,1.0,0.0,1.0,0.0,1.0,0.0,0.0,0.0,0.0,0.0,0.0,0.0,1.0,0.0
108.0,0.334816135,1.3575573571318138E-8,108.0,73.14814814814815,39.4431554524362,108.0,164336.0,10.0,0.0,121.3,2.9853345243409857,7806.4,3.7333333333333045,1.0,0.0,1.0,0.0,1.0,0.0,0.0,0.0,0.0,0.0,0.0,0.0,1.0,0.0
111.0,0.341155177,1.384508371259396E-8,111.0,73.87387387387388,41.86382517608813,111.0,164344.0,10.0,0.0,121.9,2.853652630109932,7807.2,3.666060555964634,1.0,0.0,1.0,0.0,1.0,0.0,0.0,0.0,0.0,0.0,0.0,0.0,1.0,0.0
114.0,0.34782822,1.412880802100524E-8,114.0,72.80701754385966,39.465570400822216,114.0,164352.0,10.0,0.0,128.0,2.970222587992728,7808.0,3.1552425509864315,1.0,0.0,1.0,0.0,1.0,0.0,0.0,0.0,0.0,0.0,0.0,0.0,1.0,0.0
117.0,0.354149453,1.4397574078893907E-8,117.0,72.64957264957265,40.096,117.0,164352.0,10.0,0.0,131.29999999999998,3.3301651610693437,7808.0,3.1552425509864315,1.0,0.0,1.0,0.0,1.0,0.0,0.0,0.0,0.0,0.0,0.0,0.0,1.0,0.0
120.0,0.360459975,1.466597614874649E-8,120.0,72.5,40.10889292196006,120.0,164408.0,10.0,0.0,134.9,3.652852766446155,7813.6,3.1664912232101092,1.0,0.0,1.0,0.0,1.0,0.0,0.0,0.0,0.0,0.0,0.0,0.0,1.0,0.0
123.0,0.366732167,1.4932747949132073E-8,123.0,73.17073170731707,41.521394611727416,123.0,164408.0,10.0,0.0,136.2,3.7912179221634488,7813.6,3.1664912232101092,1.0,0.0,1.0,0.0,1.0,0.0,0.0,0.0,0.0,0.0,0.0,0.0,1.0,0.0
126.0,0.373053599,1.520161404820159E-8,126.0,73.01587301587301,41.37931034482758,126.0,164408.0,10.0,0.0,142.0,4.253103442063087,7813.6,3.1664912232101092,1.0,0.0,1.0,0.0,1.0,0.0,0.0,0.0,0.0,0.0,0.0,0.0,1.0,0.0
129.0,0.379556673,1.547856921725182E-8,129.0,72.86821705426357,40.771349862258944,129.0,164624.0,10.0,0.0,147.5,4.549114687985393,7835.2,3.199999999999985,1.0,0.0,1.0,0.0,1.0,0.0,0.0,0.0,0.0,0.0,0.0,0.0,1.0,0.0
132.0,0.38598562,1.57523674399385E-8,132.0,73.48484848484848,42.07622868605817,132.0,164624.0,10.0,0.0,150.2,4.386342439892261,7835.2,3.199999999999985,1.0,0.0,1.0,0.0,1.0,0.0,0.0,0.0,0.0,0.0,0.0,0.0,1.0,0.0
135.0,0.392320081,1.6022154769951267E-8,135.0,74.07407407407408,43.85026737967913,135.0,164632.0,10.0,0.0,152.7,4.565693326928076,7836.0,2.9814239699997045,1.0,0.0,1.0,0.0,1.0,0.0,0.0,0.0,0.0,0.0,0.0,0.0,1.0,0.0
138.0,0.398611645,1.6290115098882877E-8,138.0,73.91304347826086,43.66069403492855,138.0,164632.0,10.0,0.0,155.3,4.876360209099497,7836.0,2.9814239699997045,1.0,0.0,1.0,0.0,1.0,0.0,0.0,0.0,0.0,0.0,0.0,0.0,1.0,0.0
141.0,0.404914716,1.6558578560604813E-8,141.0,74.46808510638297,44.814090019569456,141.0,164640.0,10.0,0.0,157.2,5.070174224488412,7836.799999999999,2.719477073916132,1.0,0.0,1.0,0.0,1.0,0.0,0.0,0.0,0.0,0.0,0.0,0.0,1.0,0.0
144.0,0.411258341,1.6828795575598872E-8,144.0,73.61111111111111,43.45939243645383,144.0,164656.0,10.0,0.0,165.29999999999998,5.368736660829373,7838.400000000001,2.324746103221699,1.0,0.0,1.0,0.0,1.0,0.0,0.0,0.0,0.0,0.0,0.0,0.0,1.0,0.0
147.0,0.417607441,1.7099245807114573E-8,147.0,73.46938775510205,43.27693677649155,147.0,164656.0,10.0,0.0,169.39999999999998,5.562173835630974,7838.400000000001,2.324746103221699,1.0,0.0,1.0,0.0,1.0,0.0,0.0,0.0,0.0,0.0,0.0,0.0,1.0,0.0
150.0,0.423956771,1.7369705835854013E-8,150.0,74.0,43.93329499712478,150.0,164656.0,10.0,0.0,170.6,5.383513928859312,7838.400000000001,2.324746103221699,1.0,0.0,1.0,0.0,1.0,0.0,0.0,0.0,0.0,0.0,0.0,0.0,1.0,0.0
153.0,0.430752063,1.7659176404227812E-8,153.0,74.50980392156863,44.98939799022772,153.0,164664.0,10.0,0.0,171.7,5.18555686498567,7839.2,2.2150996967781706,1.0,0.0,1.0,0.0,1.0,0.0,0.0,0.0,0.0,0.0,0.0,0.0,1.0,0.0
156.0,0.441756374,1.813272835024322E-8,156.0,75.0,46.00638977635783,156.0,166344.0,10.0,0.0,174.2,5.126835714594767,7839.2,2.2150996967781706,1.0,0.0,1.0,0.0,1.0,0.0,0.0,0.0,0.0,0.0,0.0,0.0,1.0,0.0
159.0,0.448152567,1.8408004192912743E-8,159.0,74.21383647798741,44.67453110413306,159.0,166360.0,10.0,0.0,180.0,5.44671154612273,7840.800000000001,1.8666666666666971,1.0,0.0,1.0,0.0,1.0,0.0,0.0,0.0,0.0,0.0,0.0,0.0,1.0,0.0
162.0,0.454568041,1.868410984067453E-8,162.0,74.69135802469135,46.026328620185275,162.0,166360.0,10.0,0.0,181.29999999999998,5.114358871517199,7840.800000000001,1.8666666666666971,1.0,0.0,1.0,0.0,1.0,0.0,0.0,0.0,0.0,0.0,0.0,0.0,1.0,0.0
165.0,0.460987683,1.89604081546598E-8,165.0,74.54545454545455,45.87628865979382,165.0,166368.0,10.0,0.0,185.0,4.926120853842977,7841.599999999999,1.5999999999999548,1.0,0.0,1.0,0.0,1.0,0.0,0.0,0.0,0.0,0.0,0.0,0.0,1.0,0.0
168.0,0.468352949,1.927740567225549E-8,168.0,74.40476190476191,45.388569700635024,168.0,166368.0,10.0,0.0,189.8,5.282676089508675,7841.599999999999,1.5999999999999548,1.0,0.0,1.0,0.0,1.0,0.0,0.0,0.0,0.0,0.0,0.0,0.0,1.0,0.0
171.0,0.475454849,1.9583068043473694E-8,171.0,74.26900584795322,45.1923076923077,171.0,166368.0,10.0,0.0,191.70000000000002,5.325097808178423,7841.599999999999,1.5999999999999548,1.0,0.0,1.0,0.0,1.0,0.0,0.0,0.0,0.0,0.0,0.0,0.0,1.0,0.0
174.0,0.48337257,1.989387193992527E-8,174.0,74.13793103448276,45.06805107338291,174.0,151736.0,10.0,0.0,195.70000000000002,5.3645958737717505,6380.0,973.333515981718,1.4000000000000001,0.26666666666666666,1.2,0.13333333333333333,1.2,0.13333333333333333,0.2,0.13333333333333333,0.0,0.0,0.0,0.0,1.0,0.0
177.0,0.489654393,2.014045994993713E-8,177.0,74.57627118644068,46.561556524656154,177.0,151736.0,10.0,0.0,196.4,5.317058501757444,6380.0,973.333515981718,1.4000000000000001,0.26666666666666666,1.2,0.13333333333333333,1.2,0.13333333333333333,0.2,0.13333333333333333,0.0,0.0,0.0,0.0,1.0,0.0
180.0,0.496494279,2.0408954283102518E-8,180.0,73.88888888888889,45.29229177444387,180.0,151736.0,10.0,0.0,208.20000000000005,5.955016559357511,6380.0,973.333515981718,1.4000000000000001,0.26666666666666666,1.2,0.13333333333333333,1.2,0.13333333333333333,0.2,0.13333333333333333,0.0,0.0,0.0,0.0,1.0,0.0
183.0,0.509031371,2.09402676711604E-8,183.0,73.77049180327869,44.87951807228917,183.0,163816.0,10.0,0.0,211.6,5.950163396449246,7586.400000000001,169.44584188859088,1.4000000000000001,0.26666666666666666,1.2,0.13333333333333333,1.2,0.13333333333333333,0.2,0.13333333333333333,0.0,0.0,0.0,0.0,1.0,0.0
186.0,0.515609195,2.1219031355393428E-8,186.0,73.65591397849462,44.42005122575924,186.0,163816.0,10.0,0.0,214.0,6.139127697718046,7586.400000000001,169.44584188859088,1.4000000000000001,0.26666666666666666,1.2,0.13333333333333333,1.2,0.13333333333333333,0.2,0.13333333333333333,0.0,0.0,0.0,0.0,1.0,0.0
189.0,0.522165886,2.1496899437533898E-8,189.0,73.54497354497354,44.260941370767966,189.0,163816.0,10.0,0.0,220.6,6.756396146533216,7586.400000000001,169.44584188859088,1.4000000000000001,0.26666666666666666,1.2,0.13333333333333333,1.2,0.13333333333333333,0.2,0.13333333333333333,0.0,0.0,0.0,0.0,1.0,0.0
192.0,0.528808687,2.177841680260582E-8,192.0,73.95833333333334,45.35519125683061,192.0,163816.0,10.0,0.0,222.10000000000002,6.607151008145981,7586.400000000001,169.44584188859088,1.4000000000000001,0.26666666666666666,1.2,0.13333333333333333,1.2,0.13333333333333333,0.2,0.13333333333333333,0.0,0.0,0.0,0.0,1.0,0.0
195.0,0.537650404,2.21692623261383E-8,195.0,73.84615384615385,44.92440604751621,195.0,170872.0,10.0,0.0,226.8,7.066037707859256,8288.8,486.3380808541409,1.4000000000000001,0.26666666666666666,1.2,0.13333333333333333,1.2,0.13333333333333333,0.2,0.13333333333333333,0.0,0.0,0.0,0.0,1.0,0.0
198.0,0.544238939,2.2460506595931946E-8,198.0,74.24242424242425,45.71551446081067,198.0,170872.0,10.0,0.0,229.20000000000002,7.12865890457509,8288.8,486.3380808541409,1.4000000000000001,0.26666666666666666,1.2,0.13333333333333333,1.2,0.13333333333333333,0.2,0.13333333333333333,0.0,0.0,0.0,0.0,1.0,0.0
201.0,0.550781289,2.2749763431598742E-8,201.0,74.6268656716418,46.48394675019577,201.0,170904.0,10.0,0.0,231.5,7.163565220382004,8292.0,485.78038019024376,1.4000000000000001,0.26666666666666666,1.2,0.13333333333333333,1.2,0.13333333333333333,0.2,0.13333333333333333,0.0,0.0,0.0,0.0,1.0,0.0
204.0,0.557923202,2.306558786218158E-8,204.0,75.0,47.23067559342666,204.0,170936.0,10.0,0.0,233.70000000000002,7.426753440546324,8295.2,488.97454603145405,1.4000000000000001,0.26666666666666666,1.2,0.13333333333333333,1.2,0.13333333333333333,0.2,0.13333333333333333,0.0,0.0,0.0,0.0,1.0,0.0
207.0,0.564833001,2.337147683082562E-8,207.0,75.36231884057972,47.70396790013375,207.0,171120.0,10.0,0.0,236.10000000000002,7.742308010750623,8313.6,490.72144621748265,1.4000000000000001,0.26666666666666666,1.2,0.13333333333333333,1.2,0.13333333333333333,0.2,0.13333333333333333,0.0,0.0,0.0,0.0,1.0,0.0
210.0,0.571418616,2.366301454129111E-8,210.0,75.23809523809524,47.28712106584282,210.0,171120.0,10.0,0.0,238.8,7.6736200351883745,8313.6,490.72144621748265,1.4000000000000001,0.26666666666666666,1.2,0.13333333333333333,1.2,0.13333333333333333,0.2,0.13333333333333333,0.0,0.0,0.0,0.0,1.0,0.0
213.0,0.577907823,2.3950284378886632E-8,213.0,75.5868544600939,47.99511691238615,213.0,171120.0,10.0,0.0,240.19999999999996,7.499333303701072,8313.6,490.72144621748265,1.4000000000000001,0.26666666666666666,1.2,0.13333333333333333,1.2,0.13333333333333333,0.2,0.13333333333333333,0.0,0.0,0.0,0.0,1.0,0.0
216.0,0.584463887,2.4240513900081726E-8,216.0,75.46296296296296,47.81181619256017,216.0,171120.0,10.0,0.0,243.5,7.443490817859287,8313.6,490.72144621748265,1.4000000000000001,0.26666666666666666,1.2,0.13333333333333333,1.2,0.13333333333333333,0.2,0.13333333333333333,0.0,0.0,0.0,0.0,1.0,0.0
219.0,0.590980139,2.4528980989168498E-8,219.0,75.79908675799086,48.24080267558528,219.0,171120.0,10.0,0.0,245.20000000000002,7.351190379795642,8313.6,490.72144621748265,1.4000000000000001,0.26666666666666666,1.2,0.13333333333333333,1.2,0.13333333333333333,0.2,0.13333333333333333,0.0,0.0,0.0,0.0,1.0,0.0
222.0,0.598011237,2.4840239727035576E-8,222.0,76.12612612612612,48.910117238384714,222.0,171120.0,10.0,0.0,246.6,7.116803277377344,8313.6,490.72144621748265,1.4000000000000001,0.26666666666666666,1.2,0.13333333333333333,1.2,0.13333333333333333,0.2,0.13333333333333333,0.0,0.0,0.0,0.0,1.0,0.0
225.0,0.60522352,2.514359265629202E-8,225.0,76.0,48.7255232950709,225.0,162584.0,10.0,1.0,235.40000000000003,29.88057711773467,7544.0,956.0794016305456,1.3,0.3,1.1,0.1795054935711501,1.1,0.1795054935711501,0.2,0.13333333333333333,0.0,0.0,0.0,0.0,1.0,0.0
228.0,0.611538088,2.5409487735964355E-8,228.0,76.31578947368422,49.12396694214877,228.0,162768.0,10.0,1.0,260.6,46.44906409773565,7562.400000000001,966.318502818242,1.3,0.3,1.1,0.1795054935711501,1.1,0.1795054935711501,0.2,0.13333333333333333,0.0,0.0,0.0,0.0,1.0,0.0
231.0,0.620121905,2.578495347899074E-8,231.0,76.62337662337663,49.506152849740936,231.0,169080.0,10.0,1.0,267.0,50.103670302461644,8178.400000000001,551.0227097558382,1.4000000000000001,0.26666666666666666,1.2,0.13333333333333333,1.2,0.13333333333333333,0.2,0.13333333333333333,0.0,0.0,0.0,0.0,1.0,0.0
234.0,0.629319256,2.6202902564232543E-8,234.0,76.49572649572649,49.34267495867116,234.0,175656.0,10.0,1.0,281.5,61.463132580976264,8836.0,811.109747335231,1.4000000000000001,0.26666666666666666,1.2,0.13333333333333333,1.2,0.13333333333333333,0.2,0.13333333333333333,0.0,0.0,0.0,0.0,1.0,0.0
237.0,0.636427158,2.6530786116739936E-8,237.0,75.9493670886076,48.38968481375359,237.0,178312.0,10.0,1.0,295.70000000000005,71.17756356855406,9100.0,865.282381653527,1.4000000000000001,0.26666666666666666,1.2,0.13333333333333333,1.2,0.13333333333333333,0.2,0.13333333333333333,0.0,0.0,0.0,0.0,1.0,0.0
240.0,0.643253652,2.6845999294577367E-8,240.0,76.25,49.24309884238645,240.0,178488.0,10.0,1.0,304.4,77.89525730820272,9100.8,865.1237136964863,1.4000000000000001,0.26666666666666666,1.2,0.13333333333333333,1.2,0.13333333333333333,0.2,0.13333333333333333,0.0,0.0,0.0,0.0,1.0,0.0
243.0,0.650649011,2.718761754786802E-8,243.0,75.7201646090535,48.296007789678676,243.0,178560.0,10.0,1.0,316.9,87.22632757500581,9107.999999999998,865.0982731587332,1.4000000000000001,0.26666666666666666,1.2,0.13333333333333333,1.2,0.13333333333333333,0.2,0.13333333333333333,0.0,0.0,0.0,0.0,1.0,0.0
246.0,0.657486096,2.750346126554947E-8,246.0,76.01626016260163,48.673880755357516,246.0,178568.0,10.0,1.0,320.0,89.16015552551112,9108.8,865.6052577371639,1.4000000000000001,0.26666666666666666,1.2,0.13333333333333333,1.2,0.13333333333333333,0.2,0.13333333333333333,0.0,0.0,0.0,0.0,1.0,0.0
249.0,0.664274897,2.781708852167551E-8,249.0,76.30522088353415,49.26615326173292,249.0,178576.0,10.0,1.0,321.9,89.88009914448371,9109.599999999999,865.4523184760416,1.4000000000000001,0.26666666666666666,1.2,0.13333333333333333,1.2,0.13333333333333333,0.2,0.13333333333333333,0.0,0.0,0.0,0.0,1.0,0.0
252.0,0.671645865,2.815767159686113E-8,252.0,75.79365079365078,48.36065573770491,252.0,178608.0,10.0,1.0,337.20000000000005,96.43971058530701,9112.8,864.8476911508111,1.4000000000000001,0.26666666666666666,1.2,0.13333333333333333,1.2,0.13333333333333333,0.2,0.13333333333333333,0.0,0.0,0.0,0.0,1.0,0.0
255.0,0.67887472,2.849183780510185E-8,255.0,75.29411764705883,47.2742787751485,255.0,178688.0,10.0,1.0,340.8,98.4199392625521,9120.8,867.3059795840347,1.4000000000000001,0.26666666666666666,1.2,0.13333333333333333,1.2,0.13333333333333333,0.2,0.13333333333333333,0.0,0.0,0.0,0.0,1.0,0.0
258.0,0.685938494,2.881837286126903E-8,258.0,75.5813953488372,47.8603964842497,258.0,178688.0,10.0,1.0,343.4,99.73043667807737,9120.8,867.3059795840347,1.4000000000000001,0.26666666666666666,1.2,0.13333333333333333,1.2,0.13333333333333333,0.2,0.13333333333333333,0.0,0.0,0.0,0.0,1.0,0.0
261.0,0.692850297,2.9138197501129986E-8,261.0,75.47892720306514,47.50141429379596,261.0,178864.0,10.0,1.0,352.70000000000005,102.88559449969443,9121.599999999999,867.159490648763,1.4000000000000001,0.26666666666666666,1.2,0.13333333333333333,1.2,0.13333333333333333,0.2,0.13333333333333333,0.0,0.0,0.0,0.0,1.0,0.0
264.0,0.700173082,2.9477039200669774E-8,264.0,75.75757575757575,48.07302231237322,264.0,178864.0,10.0,1.0,358.7,105.7559086870432,9121.599999999999,867.159490648763,1.4000000000000001,0.26666666666666666,1.2,0.13333333333333333,1.2,0.13333333333333333,0.2,0.13333333333333333,0.0,0.0,0.0,0.0,1.0,0.0
267.0,0.706947685,2.979242211152489E-8,267.0,75.65543071161048,47.724329046055594,267.0,179952.0,10.0,1.0,363.1,107.47242023473329,9230.399999999998,940.2515408123509,1.4000000000000001,0.26666666666666666,1.2,0.13333333333333333,1.2,0.13333333333333333,0.2,0.13333333333333333,0.0,0.0,0.0,0.0,1.0,0.0
270.0,0.713761827,3.0109645709563046E-8,270.0,75.55555555555556,47.371529828706436,270.0,179952.0,10.0,1.0,366.70000000000005,108.21850837798289,9230.399999999998,940.2515408123509,1.4000000000000001,0.26666666666666666,1.2,0.13333333333333333,1.2,0.13333333333333333,0.2,0.13333333333333333,0.0,0.0,0.0,0.0,1.0,0.0
273.0,0.721143449,3.0453287607574215E-8,273.0,75.82417582417582,47.7041852905323,273.0,179952.0,10.0,1.0,371.0,108.97094413955799,9230.399999999998,940.2515408123509,1.4000000000000001,0.26666666666666666,1.2,0.13333333333333333,1.2,0.13333333333333333,0.2,0.13333333333333333,0.0,0.0,0.0,0.0,1.0,0.0
276.0,0.727959949,3.077063508673054E-8,276.0,75.72463768115942,47.58503401360545,276.0,179960.0,10.0,1.0,382.70000000000005,117.89044349168708,9231.199999999997,940.1068118984023,1.4000000000000001,0.26666666666666666,1.2,0.13333333333333333,1.2,0.13333333333333333,0.2,0.13333333333333333,0.0,0.0,0.0,0.0,1.0,0.0
279.0,0.734757942,3.1087163165549024E-8,279.0,75.98566308243727,48.12831256763881,279.0,179984.0,10.0,1.0,386.09999999999997,118.53405042902698,9233.6,940.9682389255582,1.4000000000000001,0.26666666666666666,1.2,0.13333333333333333,1.2,0.13333333333333333,0.2,0.13333333333333333,0.0,0.0,0.0,0.0,1.0,0.0
282.0,0.741652484,3.1408186757893614E-8,282.0,75.88652482269504,48.21775761503564,282.0,179984.0,10.0,1.0,394.6,122.20740112157237,9233.6,940.9682389255582,1.4000000000000001,0.26666666666666666,1.2,0.13333333333333333,1.2,0.13333333333333333,0.2,0.13333333333333333,0.0,0.0,0.0,0.0,1.0,0.0
285.0,0.749026158,3.175151968940058E-8,285.0,76.14035087719299,48.53409815168899,285.0,179984.0,10.0,1.0,397.4,122.19412606358966,9233.6,940.9682389255582,1.4000000000000001,0.26666666666666666,1.2,0.13333333333333333,1.2,0.13333333333333333,0.2,0.13333333333333333,0.0,0.0,0.0,0.0,1.0,0.0
288.0,0.755974909,3.2059794552969853E-8,288.0,76.04166666666666,48.201438848920844,288.0,171488.0,10.0,2.0,369.9,129.41685018231246,8468.0,1309.7287929610127,1.3,0.3,1.1,0.1795054935711501,1.1,0.1795054935711501,0.2,0.13333333333333333,0.0,0.0,0.0,0.0,1.0,0.0
291.0,0.765663029,3.2506501615972574E-8,291.0,75.94501718213058,48.072805139186286,291.0,178232.0,10.0,2.0,414.2,142.1445899232343,9144.0,960.1644303624943,1.4000000000000001,0.26666666666666666,1.2,0.13333333333333333,1.2,0.13333333333333333,0.2,0.13333333333333333,0.0,0.0,0.0,0.0,1.0,0.0
294.0,0.772865208,3.283946449174857E-8,294.0,76.19047619047619,48.785586303006156,294.0,178704.0,10.0,2.0,440.4,147.581028591076,9174.4,952.8413089281972,1.4000000000000001,0.26666666666666666,1.2,0.13333333333333333,1.2,0.13333333333333333,0.2,0.13333333333333333,0.0,0.0,0.0,0.0,1.0,0.0
297.0,0.779966306,3.316829807621531E-8,297.0,76.0942760942761,48.66220328667071,297.0,179000.0,10.0,2.0,454.8,148.97731370916847,9204.0,946.4369674380504,1.4000000000000001,0.26666666666666666,1.2,0.13333333333333333,1.2,0.13333333333333333,0.2,0.13333333333333333,0.0,0.0,0.0,0.0,1.0,0.0
300.0,0.787029145,3.348243829866251E-8,300.0,76.0,48.33524684270954,300.0,171928.0,10.0,2.0,506.80000000000007,175.01033620268765,8480.8,1284.3450972728822,1.6,0.30550504633038933,1.3,0.15275252316519464,1.3,0.15275252316519464,0.30000000000000004,0.15275252316519466,0.0,0.0,0.0,0.0,1.0,0.0
303.0,0.794100597,3.379696160923276E-8,303.0,76.23762376237624,48.827172077312824,303.0,171928.0,10.0,2.0,517.3,178.52040344017948,8480.8,1284.3450972728822,1.6,0.30550504633038933,1.3,0.15275252316519464,1.3,0.15275252316519464,0.30000000000000004,0.15275252316519466,0.0,0.0,0.0,0.0,1.0,0.0
306.0,0.804256213,3.424912444582416E-8,306.0,76.47058823529412,49.68024849260003,306.0,172104.0,10.0,2.0,528.8,180.02591171519973,8481.6,1284.276633405401,1.6,0.30550504633038933,1.3,0.15275252316519464,1.3,0.15275252316519464,0.30000000000000004,0.15275252316519466,0.0,0.0,0.0,0.0,1.0,0.0
309.0,0.820219173,3.498964954827395E-8,309.0,76.05177993527508,48.76310836246302,309.0,179320.0,10.0,2.0,549.9,186.09737295894914,9203.199999999999,970.3121696993535,1.6,0.30550504633038933,1.3,0.15275252316519464,1.3,0.15275252316519464,0.30000000000000004,0.15275252316519466,0.0,0.0,0.0,0.0,1.0,0.0
312.0,0.834667173,3.5660672778031895E-8,312.0,76.28205128205127,49.234828496042205,312.0,179528.0,10.0,2.0,553.5,187.0021538794555,9222.4,966.6891399686526,1.6,0.30550504633038933,1.3,0.15275252316519464,1.3,0.15275252316519464,0.30000000000000004,0.15275252316519466,0.0,0.0,0.0,0.0,1.0,0.0
315.0,0.843792854,3.608450610709894E-8,315.0,76.5079365079365,49.87096774193547,315.0,179528.0,10.0,2.0,557.6,187.8299585618155,9222.4,966.6891399686526,1.6,0.30550504633038933,1.3,0.15275252316519464,1.3,0.15275252316519464,0.30000000000000004,0.15275252316519466,0.0,0.0,0.0,0.0,1.0,0.0
318.0,0.8507972,3.6412323955349214E-8,318.0,76.72955974842768,50.48813331089044,318.0,180912.0,10.0,2.0,564.0999999999999,189.06315523302436,9226.400000000001,965.9033676075238,1.6,0.30550504633038933,1.3,0.15275252316519464,1.3,0.15275252316519464,0.30000000000000004,0.15275252316519466,0.0,0.0,0.0,0.0,1.0,0.0
321.0,0.857057201,3.670544743450566E-8,321.0,76.63551401869158,50.34341934286244,321.0,181000.0,10.0,2.0,568.0,190.14047438670178,9235.2,964.360614892352,1.6,0.30550504633038933,1.3,0.15275252316519464,1.3,0.15275252316519464,0.30000000000000004,0.15275252316519466,0.0,0.0,0.0,0.0,1.0,0.0
324.0,0.863782431,3.70208423323474E-8,324.0,76.85185185185185,50.62179956108266,324.0,181280.0,10.0,2.0,572.6,191.23453895384296,9244.8,962.552310843993,1.6,0.30550504633038933,1.3,0.15275252316519464,1.3,0.15275252316519464,0.30000000000000004,0.15275252316519466,0.0,0.0,0.0,0.0,1.0,0.0
327.0,0.870497426,3.7335757236675256E-8,327.0,76.75840978593273,50.64346997140133,327.0,181280.0,10.0,2.0,584.8000000000001,192.3118301093305,9244.8,962.552310843993,1.6,0.30550504633038933,1.3,0.15275252316519464,1.3,0.15275252316519464,0.30000000000000004,0.15275252316519466,0.0,0.0,0.0,0.0,1.0,0.0
330.0,0.876773398,3.7630083162747326E-8,330.0,76.36363636363637,49.77756965581832,330.0,181280.0,10.0,2.0,594.6,195.98340065764071,9244.8,962.552310843993,1.6,0.30550504633038933,1.3,0.15275252316519464,1.3,0.15275252316519464,0.30000000000000004,0.15275252316519466,0.0,0.0,0.0,0.0,1.0,0.0
333.0,0.882496021,3.789845853377134E-8,333.0,76.57657657657657,50.20894835716749,333.0,181280.0,10.0,2.0,597.0,196.91408165886855,9244.8,962.552310843993,1.6,0.30550504633038933,1.3,0.15275252316519464,1.3,0.15275252316519464,0.30000000000000004,0.15275252316519466,0.0,0.0,0.0,0.0,1.0,0.0
336.0,0.888244912,3.8168113393920164E-8,336.0,76.78571428571429,50.47806205358831,336.0,181312.0,10.0,2.0,598.9,197.22634768768148,9248.0,964.0425993353889,1.6,0.30550504633038933,1.3,0.15275252316519464,1.3,0.15275252316519464,0.30000000000000004,0.15275252316519466,0.0,0.0,0.0,0.0,1.0,0.0
339.0,0.895843562,3.8524595111198726E-8,339.0,76.40117994100295,49.63601247957213,339.0,181344.0,10.0,2.0,607.1,199.71788157854624,9251.199999999999,963.458363281869,1.6,0.30550504633038933,1.3,0.15275252316519464,1.3,0.15275252316519464,0.30000000000000004,0.15275252316519466,0.0,0.0,0.0,0.0,1.0,0.0
342.0,0.901979108,3.8812437027134006E-8,342.0,76.31578947368422,49.51339529797705,342.0,181344.0,10.0,2.0,612.8,200.91273948878623,9251.199999999999,963.458363281869,1.6,0.30550504633038933,1.3,0.15275252316519464,1.3,0.15275252316519464,0.30000000000000004,0.15275252316519466,0.0,0.0,0.0,0.0,1.0,0.0
345.0,0.908731236,3.912926105853998E-8,345.0,75.65217391304347,48.15927873779112,345.0,181376.0,10.0,2.0,624.0,202.32948925508168,9254.399999999998,962.8688984257179,1.6,0.30550504633038933,1.3,0.15275252316519464,1.3,0.15275252316519464,0.30000000000000004,0.15275252316519466,0.0,0.0,0.0,0.0,1.0,0.0
348.0,0.915994064,3.9456324730064305E-8,348.0,75.57471264367817,47.8968505601353,348.0,174072.0,10.0,2.0,627.1,202.48881724952398,8524.8,1299.520704807054,1.8,0.3265986323710904,1.4,0.1632993161855452,1.4,0.1632993161855452,0.4,0.1632993161855452,0.0,0.0,0.0,0.0,1.0,0.0
351.0,0.925093892,3.98795976657379E-8,351.0,75.78347578347578,48.477731535047575,351.0,179800.0,10.0,2.0,632.2,203.22329262824837,9097.599999999999,1001.2989252854404,1.8,0.3265986323710904,1.4,0.1632993161855452,1.4,0.1632993161855452,0.4,0.1632993161855452,0.0,0.0,0.0,0.0,1.0,0.0
354.0,0.931891157,4.0195768291281743E-8,354.0,75.98870056497175,49.04318374259104,354.0,179800.0,10.0,2.0,637.0,203.44865582145178,9097.599999999999,1001.2989252854404,1.8,0.3265986323710904,1.4,0.1632993161855452,1.4,0.1632993161855452,0.4,0.1632993161855452,0.0,0.0,0.0,0.0,1.0,0.0
357.0,0.937666369,4.046441069883812E-8,357.0,76.19047619047619,49.59386056710021,357.0,179808.0,10.0,2.0,641.6,204.1014018134668,9098.400000000001,1001.1826251433296,1.8,0.3265986323710904,1.4,0.1632993161855452,1.4,0.1632993161855452,0.4,0.1632993161855452,0.0,0.0,0.0,0.0,1.0,0.0
360.0,0.943323101,4.072757695804247E-8,360.0,76.38888888888889,49.85250737463126,360.0,179832.0,10.0,2.0,643.4,204.6105894946137,9100.8,1000.8147436519463,1.8,0.3265986323710904,1.4,0.1632993161855452,1.4,0.1632993161855452,0.4,0.1632993161855452,0.0,0.0,0.0,0.0,1.0,0.0
363.0,0.951031723,4.1098120107180955E-8,363.0,76.03305785123968,49.07686602060725,363.0,185808.0,10.0,2.0,647.2,204.7808476287652,9698.4,1089.1693389408686,1.8,0.3265986323710904,1.4,0.1632993161855452,1.4,0.1632993161855452,0.4,0.1632993161855452,0.0,0.0,0.0,0.0,1.0,0.0
366.0,0.957066867,4.1388483704901816E-8,366.0,76.22950819672131,49.33006587950733,366.0,185976.0,10.0,2.0,648.9000000000001,204.99053907707815,9698.4,1089.1693389408686,1.8,0.3265986323710904,1.4,0.1632993161855452,1.4,0.1632993161855452,0.4,0.1632993161855452,0.0,0.0,0.0,0.0,1.0,0.0
368.0,0.963061768,4.167691112640831E-8,368.0,76.3586956521739,49.4952044422009,368.0,185976.0,10.0,2.0,650.1,205.05145424719348,9698.4,1089.1693389408686,1.8,0.3265986323710904,1.4,0.1632993161855452,1.4,0.1632993161855452,0.4,0.1632993161855452,0.0,0.0,0.0,0.0,1.0,0.0
