learning evaluation instances,evaluation time (cpu seconds),model cost (RAM-Hours),classified instances,classifications correct (percent),Kappa Statistic (percent),model training instances,model serialized size (bytes),ensemble size,[avg] model training instances,[err] model training instances,[avg] model serialized size (bytes),[err] model serialized size (bytes),[avg] tree size (nodes),[err] tree size (nodes),[avg] tree size (leaves),[err] tree size (leaves),[avg] active learning leaves,[err] active learning leaves,[avg] tree depth,[err] tree depth,[avg] active leaf byte size estimate,[err] active leaf byte size estimate,[avg] inactive leaf byte size estimate,[err] inactive leaf byte size estimate,[avg] byte size estimate overhead,[err] byte size estimate overhead
1.0,0.178051431,4.3070579895836614E-8,1.0,0.0,0.0,1.0,935056.0,100.0,0.52,0.07847022210734309,3633.92,448.024661947455,0.38000000000000006,0.048783173121456344,0.38000000000000006,0.048783173121456344,0.38000000000000006,0.048783173121456344,0.0,0.0,0.0,0.0,0.0,0.0,1.0,0.0
2.0,0.481904234,1.418971082154268E-7,2.0,50.0,0.0,2.0,1257224.0,100.0,1.4199999999999997,0.128062484748657,6855.599999999997,422.751053615876,0.7199999999999999,0.045126085985421296,0.7199999999999999,0.045126085985421296,0.7199999999999999,0.045126085985421296,0.0,0.0,0.0,0.0,0.0,0.0,1.0,0.0
3.0,0.649075175,2.030608176205845E-7,3.0,33.33333333333333,0.0,3.0,1414280.0,100.0,2.18,0.16041612554021284,8426.160000000002,324.5376032188416,0.8699999999999998,0.03379976689896311,0.8699999999999998,0.03379976689896311,0.8699999999999998,0.03379976689896311,0.0,0.0,0.0,0.0,0.0,0.0,1.0,0.0
4.0,0.827955459,2.7187502041053025E-7,4.0,50.0,0.0,4.0,1487024.0,100.0,3.0100000000000002,0.18118298134006056,9153.600000000002,233.4092759532279,0.94,0.0238683256575942,0.94,0.0238683256575942,0.94,0.0238683256575942,0.0,0.0,0.0,0.0,0.0,0.0,1.0,0.0
5.0,0.962152164,3.245839853467792E-7,5.0,40.0,0.0,5.0,1518256.0,100.0,3.940000000000001,0.21121103430005972,9465.919999999996,195.28834298301192,0.96,0.019694638556693237,0.96,0.019694638556693237,0.96,0.019694638556693237,0.0,0.0,0.0,0.0,0.0,0.0,1.0,0.0
6.0,1.065060334,3.6538145530320703E-7,6.0,33.33333333333333,-33.333333333333336,6.0,1532448.0,100.0,4.5500000000000025,0.23457462037750915,9607.840000000004,171.5724817944035,0.97,0.01714466079977653,0.97,0.01714466079977653,0.97,0.01714466079977653,0.0,0.0,0.0,0.0,0.0,0.0,1.0,0.0
7.0,1.158430508,4.0286295126834677E-7,7.0,42.857142857142854,-27.272727272727266,7.0,1551712.0,100.0,4.97,0.2434827270749167,9800.479999999998,105.21403723991982,0.99,0.009999999999999998,0.99,0.009999999999999998,0.99,0.009999999999999998,0.0,0.0,0.0,0.0,0.0,0.0,1.0,0.0
8.0,1.245371467,4.381389151525042E-7,8.0,50.0,0.0,8.0,1568400.0,100.0,6.32,0.30180601168112725,9967.36,31.868554274004204,1.0,0.0,1.0,0.0,1.0,0.0,0.0,0.0,0.0,0.0,0.0,0.0,1.0,0.0
9.0,1.352575339,4.817554012055736E-7,9.0,55.55555555555556,14.285714285714294,9.0,1572688.0,100.0,7.42,0.3278888700628783,10010.240000000005,25.243241399702114,1.0,0.0,1.0,0.0,1.0,0.0,0.0,0.0,0.0,0.0,0.0,0.0,1.0,0.0
10.0,1.445151825,5.194720026117853E-7,10.0,60.0,23.076923076923077,10.0,1574832.0,100.0,8.720000000000004,0.3519297450550969,10031.679999999995,20.835066012796226,1.0,0.0,1.0,0.0,1.0,0.0,0.0,0.0,0.0,0.0,0.0,0.0,1.0,0.0
11.0,1.542181453,5.590028593335342E-7,11.0,63.63636363636363,29.032258064516135,11.0,1574832.0,100.0,8.799999999999999,0.3513322408125155,10031.679999999995,20.835066012796226,1.0,0.0,1.0,0.0,1.0,0.0,0.0,0.0,0.0,0.0,0.0,0.0,1.0,0.0
12.0,1.612363655,5.876647953137755E-7,12.0,58.333333333333336,16.666666666666675,12.0,1578632.0,100.0,10.750000000000002,0.3712863252983272,10069.680000000006,13.077939478759665,1.0,0.0,1.0,0.0,1.0,0.0,0.0,0.0,0.0,0.0,0.0,0.0,1.0,0.0
13.0,1.674167536,6.129050817407026E-7,13.0,61.53846153846154,21.686746987951807,13.0,1578632.0,100.0,11.449999999999998,0.3877870393383306,10069.680000000006,13.077939478759665,1.0,0.0,1.0,0.0,1.0,0.0,0.0,0.0,0.0,0.0,0.0,0.0,1.0,0.0
14.0,1.738100803,6.390327254203251E-7,14.0,64.28571428571429,25.53191489361703,14.0,1579704.0,100.0,12.740000000000004,0.3917379045466316,10080.400000000005,7.5999999999999925,1.0,0.0,1.0,0.0,1.0,0.0,0.0,0.0,0.0,0.0,0.0,0.0,1.0,0.0
15.0,1.802382128,6.653026101558262E-7,15.0,66.66666666666666,28.571428571428566,15.0,1579704.0,100.0,12.790000000000003,0.3931984874144997,10080.400000000005,7.5999999999999925,1.0,0.0,1.0,0.0,1.0,0.0,0.0,0.0,0.0,0.0,0.0,0.0,1.0,0.0
16.0,1.863070105,6.901159313889654E-7,16.0,62.5,20.0,16.0,1580464.0,100.0,15.319999999999997,0.4369037061926213,10088.0,0.0,1.0,0.0,1.0,0.0,1.0,0.0,0.0,0.0,0.0,0.0,0.0,0.0,1.0,0.0
17.0,1.924814663,7.153612539023885E-7,17.0,58.82352941176471,13.138686131386853,17.0,1580464.0,100.0,16.2,0.4505888403304093,10088.0,0.0,1.0,0.0,1.0,0.0,1.0,0.0,0.0,0.0,0.0,0.0,0.0,0.0,1.0,0.0
18.0,1.985042009,7.399862382434784E-7,18.0,61.111111111111114,16.0,18.0,1580464.0,100.0,17.119999999999997,0.4612849860810976,10088.0,0.0,1.0,0.0,1.0,0.0,1.0,0.0,0.0,0.0,0.0,0.0,0.0,0.0,1.0,0.0
19.0,2.068519339,7.741173776778144E-7,19.0,63.1578947368421,18.40490797546012,19.0,1580464.0,100.0,17.83000000000001,0.4492541518219869,10088.0,0.0,1.0,0.0,1.0,0.0,1.0,0.0,0.0,0.0,0.0,0.0,0.0,0.0,1.0,0.0
20.0,2.151206138,8.07925294941674E-7,20.0,65.0,20.45454545454547,20.0,1580464.0,100.0,18.080000000000002,0.4637745882288816,10088.0,0.0,1.0,0.0,1.0,0.0,1.0,0.0,0.0,0.0,0.0,0.0,0.0,0.0,1.0,0.0
21.0,2.225044725,8.381154688311761E-7,21.0,66.66666666666666,22.222222222222218,21.0,1580464.0,100.0,18.72,0.48660439618219486,10088.0,0.0,1.0,0.0,1.0,0.0,1.0,0.0,0.0,0.0,0.0,0.0,0.0,0.0,1.0,0.0
22.0,2.302744815,8.698844845130439E-7,22.0,68.18181818181817,23.762376237623762,22.0,1580464.0,100.0,19.220000000000006,0.5028363992835487,10088.0,0.0,1.0,0.0,1.0,0.0,1.0,0.0,0.0,0.0,0.0,0.0,0.0,0.0,1.0,0.0
23.0,2.374291563,8.991376006831622E-7,23.0,65.21739130434783,17.85714285714287,23.0,1580464.0,100.0,21.379999999999992,0.5404412712559689,10088.0,0.0,1.0,0.0,1.0,0.0,1.0,0.0,0.0,0.0,0.0,0.0,0.0,0.0,1.0,0.0
24.0,2.438663462,9.25457156668266E-7,24.0,66.66666666666666,19.327731092436963,24.0,1580464.0,100.0,21.870000000000005,0.5309901176580455,10088.0,0.0,1.0,0.0,1.0,0.0,1.0,0.0,0.0,0.0,0.0,0.0,0.0,0.0,1.0,0.0
25.0,2.511401928,9.551975272010287E-7,25.0,68.0,20.634920634920647,25.0,1580464.0,100.0,21.9,0.5317210478505368,10088.0,0.0,1.0,0.0,1.0,0.0,1.0,0.0,0.0,0.0,0.0,0.0,0.0,0.0,1.0,0.0
26.0,2.576767275,9.819232714555556E-7,26.0,69.23076923076923,21.80451127819551,26.0,1580464.0,100.0,21.970000000000006,0.5317124992119159,10088.0,0.0,1.0,0.0,1.0,0.0,1.0,0.0,0.0,0.0,0.0,0.0,0.0,0.0,1.0,0.0
27.0,2.642838124,1.0089374723142073E-6,27.0,70.37037037037037,22.857142857142883,27.0,1580464.0,100.0,22.859999999999992,0.5778783906181596,10088.0,0.0,1.0,0.0,1.0,0.0,1.0,0.0,0.0,0.0,0.0,0.0,0.0,0.0,1.0,0.0
28.0,2.713425297,1.0377982497724538E-6,28.0,71.42857142857143,23.809523809523814,28.0,1580464.0,100.0,22.880000000000006,0.5807135979364377,10088.0,0.0,1.0,0.0,1.0,0.0,1.0,0.0,0.0,0.0,0.0,0.0,0.0,0.0,1.0,0.0
29.0,2.785462915,1.0672520665688873E-6,29.0,72.41379310344827,24.675324675324696,29.0,1580464.0,100.0,22.929999999999993,0.5827928231777348,10088.0,0.0,1.0,0.0,1.0,0.0,1.0,0.0,0.0,0.0,0.0,0.0,0.0,0.0,1.0,0.0
30.0,2.849289817,1.093348791174522E-6,30.0,70.0,20.118343195266277,30.0,1580464.0,100.0,28.099999999999998,0.6262764742685312,10088.0,0.0,1.0,0.0,1.0,0.0,1.0,0.0,0.0,0.0,0.0,0.0,0.0,0.0,1.0,0.0
31.0,2.911148747,1.118640876643581E-6,31.0,70.96774193548387,20.96317280453259,31.0,1580464.0,100.0,29.939999999999994,0.6577924513787834,10088.0,0.0,1.0,0.0,1.0,0.0,1.0,0.0,0.0,0.0,0.0,0.0,0.0,0.0,1.0,0.0
32.0,2.973899903,1.1442977640296745E-6,32.0,71.875,21.73913043478261,32.0,1580464.0,100.0,29.979999999999997,0.6564335842300045,10088.0,0.0,1.0,0.0,1.0,0.0,1.0,0.0,0.0,0.0,0.0,0.0,0.0,0.0,1.0,0.0
33.0,3.037677637,1.1703743854544372E-6,33.0,72.72727272727273,22.454308093994776,33.0,1580464.0,100.0,30.249999999999996,0.6649029700610154,10088.0,0.0,1.0,0.0,1.0,0.0,1.0,0.0,0.0,0.0,0.0,0.0,0.0,0.0,1.0,0.0
34.0,3.099162134,1.1955133775635166E-6,34.0,73.52941176470588,23.115577889447263,34.0,1580464.0,100.0,30.280000000000005,0.663337140235764,10088.0,0.0,1.0,0.0,1.0,0.0,1.0,0.0,0.0,0.0,0.0,0.0,0.0,0.0,1.0,0.0
35.0,3.160554947,1.2206148830952473E-6,35.0,74.28571428571429,23.728813559322028,35.0,1580464.0,100.0,30.480000000000004,0.6671937310462941,10088.0,0.0,1.0,0.0,1.0,0.0,1.0,0.0,0.0,0.0,0.0,0.0,0.0,0.0,1.0,0.0
36.0,3.222512042,1.2459471050097647E-6,36.0,75.0,30.76923076923076,36.0,1580464.0,100.0,32.24000000000001,0.7066952538528766,10088.0,0.0,1.0,0.0,1.0,0.0,1.0,0.0,0.0,0.0,0.0,0.0,0.0,0.0,1.0,0.0
37.0,3.282924841,1.2706479149935952E-6,37.0,75.67567567567568,31.340206185567016,37.0,1580464.0,100.0,33.34,0.7350146016552765,10088.0,0.0,1.0,0.0,1.0,0.0,1.0,0.0,0.0,0.0,0.0,0.0,0.0,0.0,1.0,0.0
38.0,3.349886956,1.2980265252568012E-6,38.0,76.31578947368422,31.872509960159377,38.0,1580464.0,100.0,33.47,0.7313271456327834,10088.0,0.0,1.0,0.0,1.0,0.0,1.0,0.0,0.0,0.0,0.0,0.0,0.0,0.0,1.0,0.0
39.0,3.411507195,1.3232210178128772E-6,39.0,74.35897435897436,27.777777777777768,39.0,1580464.0,100.0,38.230000000000004,0.7610273492211868,10088.0,0.0,1.0,0.0,1.0,0.0,1.0,0.0,0.0,0.0,0.0,0.0,0.0,0.0,1.0,0.0
40.0,3.471622659,1.3478002572775774E-6,40.0,75.0,28.315412186379906,40.0,1580464.0,100.0,38.23999999999998,0.761195232393229,10088.0,0.0,1.0,0.0,1.0,0.0,1.0,0.0,0.0,0.0,0.0,0.0,0.0,0.0,1.0,0.0
41.0,3.532076184,1.3725177187856553E-6,41.0,73.17073170731707,24.707846410684446,41.0,1580464.0,100.0,39.34000000000001,0.7894787949506734,10088.0,0.0,1.0,0.0,1.0,0.0,1.0,0.0,0.0,0.0,0.0,0.0,0.0,0.0,1.0,0.0
42.0,3.587201358,1.3950565925150382E-6,42.0,73.80952380952381,25.242718446601963,42.0,1580464.0,100.0,39.400000000000006,0.7828980092766188,10088.0,0.0,1.0,0.0,1.0,0.0,1.0,0.0,0.0,0.0,0.0,0.0,0.0,0.0,1.0,0.0
43.0,3.643872022,1.4182273663625055E-6,43.0,74.4186046511628,25.745682888540028,43.0,1580464.0,100.0,39.830000000000005,0.778116737106751,10088.0,0.0,1.0,0.0,1.0,0.0,1.0,0.0,0.0,0.0,0.0,0.0,0.0,0.0,1.0,0.0
44.0,3.703511752,1.4426120938143316E-6,44.0,75.0,26.219512195121947,44.0,1580464.0,100.0,39.88000000000001,0.7777564210632082,10088.0,0.0,1.0,0.0,1.0,0.0,1.0,0.0,0.0,0.0,0.0,0.0,0.0,0.0,1.0,0.0
45.0,3.768441596,1.4691597751909843E-6,45.0,75.55555555555556,26.666666666666668,45.0,1580464.0,100.0,39.92,0.7758579480520618,10088.0,0.0,1.0,0.0,1.0,0.0,1.0,0.0,0.0,0.0,0.0,0.0,0.0,0.0,1.0,0.0
46.0,3.827674582,1.4933781983757947E-6,46.0,76.08695652173914,27.089337175792526,46.0,1580464.0,100.0,39.93999999999998,0.7766569124111109,10088.0,0.0,1.0,0.0,1.0,0.0,1.0,0.0,0.0,0.0,0.0,0.0,0.0,0.0,1.0,0.0
47.0,3.894051842,1.5205176806319853E-6,47.0,76.59574468085107,27.489481065918653,47.0,1580464.0,100.0,40.92000000000001,0.7908159703685167,10088.0,0.0,1.0,0.0,1.0,0.0,1.0,0.0,0.0,0.0,0.0,0.0,0.0,0.0,1.0,0.0
48.0,3.950883033,1.5437540886991861E-6,48.0,77.08333333333334,27.868852459016413,48.0,1580464.0,100.0,42.93999999999998,0.7989665041461216,10088.0,0.0,1.0,0.0,1.0,0.0,1.0,0.0,0.0,0.0,0.0,0.0,0.0,0.0,1.0,0.0
49.0,4.006905506,1.5666598385287425E-6,49.0,75.51020408163265,24.61538461538462,49.0,1580464.0,100.0,50.300000000000004,0.9244709106545566,10088.0,0.0,1.0,0.0,1.0,0.0,1.0,0.0,0.0,0.0,0.0,0.0,0.0,0.0,1.0,0.0
50.0,4.066657255,1.5910903668717603E-6,50.0,74.0,21.686746987951768,50.0,1580464.0,100.0,52.679999999999986,0.9961420530722463,10088.0,0.0,1.0,0.0,1.0,0.0,1.0,0.0,0.0,0.0,0.0,0.0,0.0,0.0,1.0,0.0
51.0,4.122804487,1.6140471265602172E-6,51.0,72.54901960784314,18.863636363636367,51.0,1580464.0,100.0,55.210000000000015,0.9707120160901574,10088.0,0.0,1.0,0.0,1.0,0.0,1.0,0.0,0.0,0.0,0.0,0.0,0.0,0.0,1.0,0.0
52.0,4.179887177,1.637386364311077E-6,52.0,73.07692307692307,19.290465631929035,52.0,1580464.0,100.0,55.36999999999997,0.9711656018736591,10088.0,0.0,1.0,0.0,1.0,0.0,1.0,0.0,0.0,0.0,0.0,0.0,0.0,0.0,1.0,0.0
53.0,4.235202794,1.6600031039303644E-6,53.0,73.58490566037736,19.696969696969685,53.0,1580464.0,100.0,55.80000000000001,0.9707853740267428,10088.0,0.0,1.0,0.0,1.0,0.0,1.0,0.0,0.0,0.0,0.0,0.0,0.0,0.0,1.0,0.0
54.0,4.293014385,1.683640365368192E-6,54.0,74.07407407407408,20.084566596194485,54.0,1580464.0,100.0,55.969999999999985,0.9669753947962763,10088.0,0.0,1.0,0.0,1.0,0.0,1.0,0.0,0.0,0.0,0.0,0.0,0.0,0.0,1.0,0.0
55.0,4.349696487,1.7068158158383165E-6,55.0,74.54545454545455,25.387596899224807,55.0,1580464.0,100.0,57.03,0.9995408036602698,10088.0,0.0,1.0,0.0,1.0,0.0,1.0,0.0,0.0,0.0,0.0,0.0,0.0,0.0,1.0,0.0
56.0,4.406706798,1.7301254601924887E-6,56.0,75.0,25.75757575757577,56.0,1580464.0,100.0,57.25000000000002,0.9971043935903458,10088.0,0.0,1.0,0.0,1.0,0.0,1.0,0.0,0.0,0.0,0.0,0.0,0.0,0.0,1.0,0.0
57.0,4.467046842,1.7547965230455766E-6,57.0,75.43859649122807,26.1111111111111,57.0,1580464.0,100.0,57.89,0.9750312090317201,10088.0,0.0,1.0,0.0,1.0,0.0,1.0,0.0,0.0,0.0,0.0,0.0,0.0,0.0,1.0,0.0
58.0,4.538333566,1.7839433239394363E-6,58.0,75.86206896551724,26.449275362318808,58.0,1580464.0,100.0,57.949999999999996,0.9743555238559931,10088.0,0.0,1.0,0.0,1.0,0.0,1.0,0.0,0.0,0.0,0.0,0.0,0.0,0.0,1.0,0.0
59.0,4.607231189,1.8121132998755056E-6,59.0,76.27118644067797,26.773049645390074,59.0,1580464.0,100.0,58.11999999999999,0.973827188950583,10088.0,0.0,1.0,0.0,1.0,0.0,1.0,0.0,0.0,0.0,0.0,0.0,0.0,0.0,1.0,0.0
60.0,4.672661187,1.8388654778012528E-6,60.0,76.66666666666667,27.083333333333314,60.0,1580464.0,100.0,58.199999999999996,0.9759740019720053,10088.0,0.0,1.0,0.0,1.0,0.0,1.0,0.0,0.0,0.0,0.0,0.0,0.0,0.0,1.0,0.0
61.0,4.740930323,1.8667784860380718E-6,61.0,77.04918032786885,27.380952380952372,61.0,1580464.0,100.0,58.259999999999984,0.9728246906754983,10088.0,0.0,1.0,0.0,1.0,0.0,1.0,0.0,0.0,0.0,0.0,0.0,0.0,0.0,1.0,0.0
62.0,4.810369026,1.8951696918209165E-6,62.0,77.41935483870968,27.666666666666696,62.0,1580464.0,100.0,58.48999999999999,0.9759217347324697,10088.0,0.0,1.0,0.0,1.0,0.0,1.0,0.0,0.0,0.0,0.0,0.0,0.0,0.0,1.0,0.0
63.0,4.878836243,1.923163688875062E-6,63.0,77.77777777777779,27.941176470588253,63.0,1580464.0,100.0,58.57999999999999,0.977750458755177,10088.0,0.0,1.0,0.0,1.0,0.0,1.0,0.0,0.0,0.0,0.0,0.0,0.0,0.0,1.0,0.0
64.0,4.947002989,1.9510348332026413E-6,64.0,78.125,28.205128205128204,64.0,1580464.0,100.0,59.18999999999997,0.967627004688284,10088.0,0.0,1.0,0.0,1.0,0.0,1.0,0.0,0.0,0.0,0.0,0.0,0.0,0.0,1.0,0.0
65.0,5.013779411,1.9783375196949867E-6,65.0,78.46153846153847,28.459119496855344,65.0,1580464.0,100.0,59.22,0.9676149998211002,10088.0,0.0,1.0,0.0,1.0,0.0,1.0,0.0,0.0,0.0,0.0,0.0,0.0,0.0,1.0,0.0
66.0,5.096335963,2.0120921832369328E-6,66.0,77.27272727272727,26.008968609865452,66.0,1580464.0,100.0,61.559999999999995,0.9602524920482365,10088.0,0.0,1.0,0.0,1.0,0.0,1.0,0.0,0.0,0.0,0.0,0.0,0.0,0.0,1.0,0.0
67.0,5.178924534,2.0458599382967024E-6,67.0,76.11940298507463,23.64672364672363,67.0,1580464.0,100.0,67.76000000000003,0.9909815560566424,10088.0,0.0,1.0,0.0,1.0,0.0,1.0,0.0,0.0,0.0,0.0,0.0,0.0,0.0,1.0,0.0
68.0,5.2465585,2.073513246374993E-6,68.0,76.47058823529412,23.91608391608387,68.0,1580464.0,100.0,68.76000000000002,1.013855527332682,10088.0,0.0,1.0,0.0,1.0,0.0,1.0,0.0,0.0,0.0,0.0,0.0,0.0,0.0,1.0,0.0
69.0,5.312067047,2.100297540407849E-6,69.0,76.81159420289855,24.175824175824143,69.0,1580464.0,100.0,68.84000000000005,1.0096223916580764,10088.0,0.0,1.0,0.0,1.0,0.0,1.0,0.0,0.0,0.0,0.0,0.0,0.0,0.0,1.0,0.0
70.0,5.37448495,2.1258181715839043E-6,70.0,75.71428571428571,22.018348623853193,70.0,1580464.0,100.0,73.27,1.091366949372125,10088.0,0.0,1.0,0.0,1.0,0.0,1.0,0.0,0.0,0.0,0.0,0.0,0.0,0.0,1.0,0.0
71.0,5.438498001,2.151991006403828E-6,71.0,74.64788732394366,20.02503128911142,71.0,1580464.0,100.0,75.38,1.14827758583951,10088.0,0.0,1.0,0.0,1.0,0.0,1.0,0.0,0.0,0.0,0.0,0.0,0.0,0.0,1.0,0.0
72.0,5.503579526,2.178600705161254E-6,72.0,73.61111111111111,17.98561151079136,72.0,1580464.0,100.0,80.19999999999996,1.1964594232631343,10088.0,0.0,1.0,0.0,1.0,0.0,1.0,0.0,0.0,0.0,0.0,0.0,0.0,0.0,1.0,0.0
73.0,5.564748382,2.203610642028842E-6,73.0,73.97260273972603,18.267530936947573,73.0,1580464.0,100.0,80.29000000000002,1.196906365796777,10088.0,0.0,1.0,0.0,1.0,0.0,1.0,0.0,0.0,0.0,0.0,0.0,0.0,0.0,1.0,0.0
74.0,5.627837005,2.229405508591216E-6,74.0,74.32432432432432,18.539976825028955,74.0,1580464.0,100.0,81.64999999999999,1.2077506432048035,10088.0,0.0,1.0,0.0,1.0,0.0,1.0,0.0,0.0,0.0,0.0,0.0,0.0,0.0,1.0,0.0
75.0,5.692578335,2.2558761127827296E-6,75.0,74.66666666666667,18.8034188034188,75.0,1580464.0,100.0,81.71000000000004,1.2068236127633698,10088.0,0.0,1.0,0.0,1.0,0.0,1.0,0.0,0.0,0.0,0.0,0.0,0.0,0.0,1.0,0.0
76.0,5.754548942,2.281213859310409E-6,76.0,75.0,23.0277185501066,76.0,1580464.0,100.0,82.86999999999999,1.225623321111558,10088.0,0.0,1.0,0.0,1.0,0.0,1.0,0.0,0.0,0.0,0.0,0.0,0.0,0.0,1.0,0.0
77.0,5.816162417,2.3064055862889668E-6,77.0,75.32467532467533,23.282642894598826,77.0,1580464.0,100.0,83.40999999999997,1.2417887879745875,10088.0,0.0,1.0,0.0,1.0,0.0,1.0,0.0,0.0,0.0,0.0,0.0,0.0,0.0,1.0,0.0
78.0,5.877120772,2.3313294562090127E-6,78.0,75.64102564102564,26.99507389162563,78.0,1580464.0,100.0,84.01,1.2558143560931678,10088.0,0.0,1.0,0.0,1.0,0.0,1.0,0.0,0.0,0.0,0.0,0.0,0.0,0.0,1.0,0.0
79.0,5.941419568,2.3576191227775998E-6,79.0,75.9493670886076,27.241880756180336,79.0,1580464.0,100.0,85.18,1.3076604137067684,10088.0,0.0,1.0,0.0,1.0,0.0,1.0,0.0,0.0,0.0,0.0,0.0,0.0,0.0,1.0,0.0
80.0,6.000442794,2.3817517819854387E-6,80.0,76.25,27.480916030534342,80.0,1580464.0,100.0,86.30000000000003,1.3271447288495442,10088.0,0.0,1.0,0.0,1.0,0.0,1.0,0.0,0.0,0.0,0.0,0.0,0.0,0.0,1.0,0.0
81.0,6.055981934,2.404459912820518E-6,81.0,75.30864197530865,25.61983471074382,81.0,1580464.0,100.0,87.55999999999999,1.3011510056077042,10088.0,0.0,1.0,0.0,1.0,0.0,1.0,0.0,0.0,0.0,0.0,0.0,0.0,0.0,1.0,0.0
82.0,6.113472228,2.4279658064641573E-6,82.0,75.60975609756098,28.881179531656542,82.0,1580464.0,100.0,87.78,1.2886121263286376,10088.0,0.0,1.0,0.0,1.0,0.0,1.0,0.0,0.0,0.0,0.0,0.0,0.0,0.0,1.0,0.0
83.0,6.178443464,2.4545304116705903E-6,83.0,74.69879518072288,27.101631116687553,83.0,1580464.0,100.0,90.25,1.2572516924553407,10088.0,0.0,1.0,0.0,1.0,0.0,1.0,0.0,0.0,0.0,0.0,0.0,0.0,0.0,1.0,0.0
84.0,6.242279705,2.4806309546866988E-6,84.0,75.0,29.999999999999993,84.0,1580464.0,100.0,90.33999999999997,1.2562747560252348,10088.0,0.0,1.0,0.0,1.0,0.0,1.0,0.0,0.0,0.0,0.0,0.0,0.0,0.0,1.0,0.0
85.0,6.308451518,2.5076864364100098E-6,85.0,75.29411764705883,32.61608154020384,85.0,1580464.0,100.0,91.06,1.2538280777223203,10088.0,0.0,1.0,0.0,1.0,0.0,1.0,0.0,0.0,0.0,0.0,0.0,0.0,0.0,1.0,0.0
86.0,6.375472976,2.5350893100775133E-6,86.0,75.5813953488372,32.8624535315985,86.0,1580464.0,100.0,92.92999999999998,1.2157431114883246,10088.0,0.0,1.0,0.0,1.0,0.0,1.0,0.0,0.0,0.0,0.0,0.0,0.0,0.0,1.0,0.0
87.0,6.445036532,2.5635315641527724E-6,87.0,75.86206896551724,33.10142804833392,87.0,1580464.0,100.0,93.49999999999997,1.2272577627220846,10088.0,0.0,1.0,0.0,1.0,0.0,1.0,0.0,0.0,0.0,0.0,0.0,0.0,0.0,1.0,0.0
88.0,6.533663287,2.5997681343990625E-6,88.0,76.13636363636364,35.47486033519554,88.0,1580464.0,100.0,93.59000000000003,1.2267304825297514,10088.0,0.0,1.0,0.0,1.0,0.0,1.0,0.0,0.0,0.0,0.0,0.0,0.0,0.0,1.0,0.0
89.0,6.622744548,2.6361905372260034E-6,89.0,76.40449438202246,37.637637637637624,89.0,1580464.0,100.0,93.78,1.2200827923555106,10088.0,0.0,1.0,0.0,1.0,0.0,1.0,0.0,0.0,0.0,0.0,0.0,0.0,0.0,1.0,0.0
90.0,6.686795366,2.6623788137322268E-6,90.0,76.66666666666667,37.86982248520713,90.0,1580464.0,100.0,94.59,1.2245052598144002,10088.0,0.0,1.0,0.0,1.0,0.0,1.0,0.0,0.0,0.0,0.0,0.0,0.0,0.0,1.0,0.0
91.0,6.745557863,2.6864048694124546E-6,91.0,75.82417582417582,36.03833865814694,91.0,1580464.0,100.0,96.46,1.2378231136176367,10088.0,0.0,1.0,0.0,1.0,0.0,1.0,0.0,0.0,0.0,0.0,0.0,0.0,0.0,1.0,0.0
92.0,6.800687343,2.708945503723859E-6,92.0,75.0,34.28571428571429,92.0,1580464.0,100.0,99.82,1.2837272122828725,10088.0,0.0,1.0,0.0,1.0,0.0,1.0,0.0,0.0,0.0,0.0,0.0,0.0,0.0,1.0,0.0
93.0,6.856562766,2.7317911296364933E-6,93.0,75.26881720430107,34.52708907254362,93.0,1580464.0,100.0,100.01999999999998,1.2862112555639507,10088.0,0.0,1.0,0.0,1.0,0.0,1.0,0.0,0.0,0.0,0.0,0.0,0.0,0.0,1.0,0.0
94.0,6.912455687,2.754643909906817E-6,94.0,75.53191489361703,34.7616173808087,94.0,1580464.0,100.0,100.08999999999999,1.2854347218907787,10088.0,0.0,1.0,0.0,1.0,0.0,1.0,0.0,0.0,0.0,0.0,0.0,0.0,0.0,1.0,0.0
95.0,6.977199566,2.7811155563007395E-6,95.0,75.78947368421053,34.98958643260934,95.0,1580464.0,100.0,100.19999999999997,1.2917766326601778,10088.0,0.0,1.0,0.0,1.0,0.0,1.0,0.0,0.0,0.0,0.0,0.0,0.0,0.0,1.0,0.0
96.0,7.032065587,2.8035484708771663E-6,96.0,76.04166666666666,35.211267605633786,96.0,1580464.0,100.0,100.27999999999996,1.2893565852937674,10088.0,0.0,1.0,0.0,1.0,0.0,1.0,0.0,0.0,0.0,0.0,0.0,0.0,0.0,1.0,0.0
97.0,7.089699402,2.8271130455454954E-6,97.0,76.28865979381443,35.42691751085382,97.0,1580464.0,100.0,100.49999999999997,1.2962650308879857,10088.0,0.0,1.0,0.0,1.0,0.0,1.0,0.0,0.0,0.0,0.0,0.0,0.0,0.0,1.0,0.0
98.0,7.145117625,2.8497717373893303E-6,98.0,76.53061224489795,37.42365352581898,98.0,1580464.0,100.0,101.94999999999996,1.2896146946301676,10088.0,0.0,1.0,0.0,1.0,0.0,1.0,0.0,0.0,0.0,0.0,0.0,0.0,0.0,1.0,0.0
99.0,7.204590752,2.874088346344516E-6,99.0,76.76767676767676,37.633525061626926,99.0,1580464.0,100.0,102.01000000000003,1.2918153384624553,10088.0,0.0,1.0,0.0,1.0,0.0,1.0,0.0,0.0,0.0,0.0,0.0,0.0,0.0,1.0,0.0
100.0,7.263933594,2.8983516860408354E-6,100.0,76.0,36.034115138592746,100.0,1580464.0,100.0,105.78000000000002,1.3103766133012558,10088.0,0.0,1.0,0.0,1.0,0.0,1.0,0.0,0.0,0.0,0.0,0.0,0.0,0.0,1.0,0.0
101.0,7.323685151,2.922782135881357E-6,101.0,76.23762376237624,36.24408206207259,101.0,1580464.0,100.0,106.05,1.3191958830203265,10088.0,0.0,1.0,0.0,1.0,0.0,1.0,0.0,0.0,0.0,0.0,0.0,0.0,0.0,1.0,0.0
102.0,7.379276406,2.94551157482885E-6,102.0,75.49019607843137,34.6488980010251,102.0,1580464.0,100.0,108.22000000000004,1.3377638510634537,10088.0,0.0,1.0,0.0,1.0,0.0,1.0,0.0,0.0,0.0,0.0,0.0,0.0,0.0,1.0,0.0
103.0,7.439590042,2.9701718403177893E-6,103.0,75.72815533980582,34.85960030356691,103.0,1580464.0,100.0,109.11999999999999,1.3616893844772306,10088.0,0.0,1.0,0.0,1.0,0.0,1.0,0.0,0.0,0.0,0.0,0.0,0.0,0.0,1.0,0.0
104.0,7.495365241,2.9929764879274675E-6,104.0,75.96153846153845,35.06493506493506,104.0,1580464.0,100.0,109.20000000000006,1.364262482520179,10088.0,0.0,1.0,0.0,1.0,0.0,1.0,0.0,0.0,0.0,0.0,0.0,0.0,0.0,1.0,0.0
105.0,7.553566493,3.0167730689544954E-6,105.0,76.19047619047619,35.265104808877915,105.0,1580464.0,100.0,109.32999999999996,1.3666337763965444,10088.0,0.0,1.0,0.0,1.0,0.0,1.0,0.0,0.0,0.0,0.0,0.0,0.0,0.0,1.0,0.0
106.0,7.611304245,3.0403801400495714E-6,106.0,75.47169811320755,33.75,106.0,1580464.0,100.0,111.05000000000001,1.3671008179591753,10088.0,0.0,1.0,0.0,1.0,0.0,1.0,0.0,0.0,0.0,0.0,0.0,0.0,0.0,1.0,0.0
107.0,7.675188509,3.0665003180936457E-6,107.0,75.70093457943925,35.60185185185186,107.0,1580464.0,100.0,112.83999999999999,1.3267047352540255,10088.0,0.0,1.0,0.0,1.0,0.0,1.0,0.0,0.0,0.0,0.0,0.0,0.0,0.0,1.0,0.0
108.0,7.738001119,3.0921823320026263E-6,108.0,75.92592592592592,35.802469135802475,108.0,1580464.0,100.0,113.14999999999998,1.333891928443859,10088.0,0.0,1.0,0.0,1.0,0.0,1.0,0.0,0.0,0.0,0.0,0.0,0.0,0.0,1.0,0.0
109.0,7.805038079,3.1195915439289543E-6,109.0,76.14678899082568,35.99819331526648,109.0,1580464.0,100.0,113.22000000000003,1.3369330196348277,10088.0,0.0,1.0,0.0,1.0,0.0,1.0,0.0,0.0,0.0,0.0,0.0,0.0,0.0,1.0,0.0
110.0,7.877987236,3.149418059094021E-6,110.0,75.45454545454545,34.552666372851476,110.0,1580464.0,100.0,114.17000000000003,1.3696608000051351,10088.0,0.0,1.0,0.0,1.0,0.0,1.0,0.0,0.0,0.0,0.0,0.0,0.0,0.0,1.0,0.0
111.0,7.950110758,3.1789069992155773E-6,111.0,75.67567567567568,34.748530372305694,111.0,1580464.0,100.0,114.34999999999998,1.3679871669313597,10088.0,0.0,1.0,0.0,1.0,0.0,1.0,0.0,0.0,0.0,0.0,0.0,0.0,0.0,1.0,0.0
112.0,8.023808976,3.2090397808297005E-6,112.0,75.89285714285714,36.4705882352941,112.0,1580464.0,100.0,115.62000000000002,1.3744258672793028,10088.0,0.0,1.0,0.0,1.0,0.0,1.0,0.0,0.0,0.0,0.0,0.0,0.0,0.0,1.0,0.0
113.0,8.099403284,3.239947811390694E-6,113.0,76.10619469026548,36.66182271123105,113.0,1580464.0,100.0,115.93000000000002,1.3729166034395537,10088.0,0.0,1.0,0.0,1.0,0.0,1.0,0.0,0.0,0.0,0.0,0.0,0.0,0.0,1.0,0.0
114.0,8.161764377,3.265445214822986E-6,114.0,76.31578947368422,38.267148014440444,114.0,1580464.0,100.0,117.16000000000003,1.3818973927323268,10088.0,0.0,1.0,0.0,1.0,0.0,1.0,0.0,0.0,0.0,0.0,0.0,0.0,0.0,1.0,0.0
115.0,8.224620157,3.2911448795275706E-6,115.0,76.52173913043478,38.453914767096144,115.0,1580464.0,100.0,117.71,1.3944547466318298,10088.0,0.0,1.0,0.0,1.0,0.0,1.0,0.0,0.0,0.0,0.0,0.0,0.0,0.0,1.0,0.0
116.0,8.2887116,3.3173497662624577E-6,116.0,76.72413793103449,38.636363636363626,116.0,1580464.0,100.0,117.93000000000002,1.4000905454125228,10088.0,0.0,1.0,0.0,1.0,0.0,1.0,0.0,0.0,0.0,0.0,0.0,0.0,0.0,1.0,0.0
117.0,8.351808624,3.3431480677179026E-6,117.0,76.92307692307693,38.814642649622314,117.0,1580464.0,100.0,118.16,1.404517962530457,10088.0,0.0,1.0,0.0,1.0,0.0,1.0,0.0,0.0,0.0,0.0,0.0,0.0,0.0,1.0,0.0
118.0,8.416481932,3.3695908599469755E-6,118.0,77.11864406779661,40.31472461596103,118.0,1580464.0,100.0,119.85,1.430220368695084,10088.0,0.0,1.0,0.0,1.0,0.0,1.0,0.0,0.0,0.0,0.0,0.0,0.0,0.0,1.0,0.0
119.0,8.479864092,3.395505744150979E-6,119.0,76.47058823529412,38.95199706852326,119.0,1580464.0,100.0,122.78000000000002,1.3891775053657258,10088.0,0.0,1.0,0.0,1.0,0.0,1.0,0.0,0.0,0.0,0.0,0.0,0.0,0.0,1.0,0.0
120.0,8.545326339,3.422271107633998E-6,120.0,76.66666666666667,39.13043478260872,120.0,1580464.0,100.0,122.92,1.3898390285398254,10088.0,0.0,1.0,0.0,1.0,0.0,1.0,0.0,0.0,0.0,0.0,0.0,0.0,0.0,1.0,0.0
121.0,8.609407515,3.4484717965296805E-6,121.0,76.85950413223141,39.304908634897885,121.0,1580464.0,100.0,123.15999999999998,1.3875143096905196,10088.0,0.0,1.0,0.0,1.0,0.0,1.0,0.0,0.0,0.0,0.0,0.0,0.0,0.0,1.0,0.0
122.0,8.674730017,3.475180022870433E-6,122.0,77.04918032786885,39.4755492558469,122.0,1580464.0,100.0,123.42,1.3866011056762604,10088.0,0.0,1.0,0.0,1.0,0.0,1.0,0.0,0.0,0.0,0.0,0.0,0.0,0.0,1.0,0.0
123.0,8.736910742,3.5006036797495296E-6,123.0,77.23577235772358,39.642481598317545,123.0,1580464.0,100.0,123.48999999999998,1.394831368106749,10088.0,0.0,1.0,0.0,1.0,0.0,1.0,0.0,0.0,0.0,0.0,0.0,0.0,0.0,1.0,0.0
124.0,8.798108331,3.52562536459743E-6,124.0,77.41935483870968,39.80582524271845,124.0,1580464.0,100.0,123.49999999999996,1.3952661669974216,10088.0,0.0,1.0,0.0,1.0,0.0,1.0,0.0,0.0,0.0,0.0,0.0,0.0,0.0,1.0,0.0
125.0,8.857805157,3.550033436729029E-6,125.0,77.60000000000001,39.9656946826758,125.0,1580464.0,100.0,123.66,1.3995107370185853,10088.0,0.0,1.0,0.0,1.0,0.0,1.0,0.0,0.0,0.0,0.0,0.0,0.0,0.0,1.0,0.0
126.0,8.918256985,3.5747502043895245E-6,126.0,77.77777777777779,40.12219959266804,126.0,1580464.0,100.0,123.73000000000003,1.3997730696311619,10088.0,0.0,1.0,0.0,1.0,0.0,1.0,0.0,0.0,0.0,0.0,0.0,0.0,0.0,1.0,0.0
127.0,8.977924353,3.599146232112115E-6,127.0,77.95275590551181,40.2754450789385,127.0,1580464.0,100.0,124.10999999999999,1.3952223674187043,10088.0,0.0,1.0,0.0,1.0,0.0,1.0,0.0,0.0,0.0,0.0,0.0,0.0,0.0,1.0,0.0
128.0,9.039400535,3.6242818244906996E-6,128.0,78.125,40.42553191489361,128.0,1580464.0,100.0,125.47,1.4515373250662926,10088.0,0.0,1.0,0.0,1.0,0.0,1.0,0.0,0.0,0.0,0.0,0.0,0.0,0.0,1.0,0.0
129.0,9.097980014,3.6482330501197386E-6,129.0,78.29457364341084,40.57255676209277,129.0,1580464.0,100.0,125.53999999999999,1.452230607504792,10088.0,0.0,1.0,0.0,1.0,0.0,1.0,0.0,0.0,0.0,0.0,0.0,0.0,0.0,1.0,0.0
130.0,9.158634422,3.6730326460909454E-6,130.0,78.46153846153847,40.71661237785014,130.0,1580464.0,100.0,125.66999999999999,1.458521113451512,10088.0,0.0,1.0,0.0,1.0,0.0,1.0,0.0,0.0,0.0,0.0,0.0,0.0,0.0,1.0,0.0
131.0,9.216104258,3.69653017513008E-6,131.0,78.62595419847328,40.85778781038375,131.0,1580464.0,100.0,125.77000000000001,1.460860062159316,10088.0,0.0,1.0,0.0,1.0,0.0,1.0,0.0,0.0,0.0,0.0,0.0,0.0,0.0,1.0,0.0
132.0,9.273225574,3.7198852057841363E-6,132.0,78.78787878787878,40.996168582375475,132.0,1580464.0,100.0,125.83000000000003,1.4628776815274445,10088.0,0.0,1.0,0.0,1.0,0.0,1.0,0.0,0.0,0.0,0.0,0.0,0.0,0.0,1.0,0.0
133.0,9.327977171,3.7422713361438346E-6,133.0,78.94736842105263,41.131836863736964,133.0,1580464.0,100.0,126.38999999999997,1.4866337134545948,10088.0,0.0,1.0,0.0,1.0,0.0,1.0,0.0,0.0,0.0,0.0,0.0,0.0,0.0,1.0,0.0
134.0,9.384997098,3.7655849121646855E-6,134.0,79.1044776119403,41.26487163431434,134.0,1580464.0,100.0,126.47000000000001,1.4851762470658103,10088.0,0.0,1.0,0.0,1.0,0.0,1.0,0.0,0.0,0.0,0.0,0.0,0.0,0.0,1.0,0.0
135.0,9.440927663,3.788453083830648E-6,135.0,79.25925925925927,42.675159235668794,135.0,1580464.0,100.0,131.14999999999995,1.4628307275189905,10088.0,0.0,1.0,0.0,1.0,0.0,1.0,0.0,0.0,0.0,0.0,0.0,0.0,0.0,1.0,0.0
136.0,9.49762775,3.8116358877767727E-6,136.0,78.67647058823529,41.4141414141414,136.0,1580464.0,100.0,137.13,1.4555123364699323,10088.0,0.0,1.0,0.0,1.0,0.0,1.0,0.0,0.0,0.0,0.0,0.0,0.0,0.0,1.0,0.0
137.0,9.552681026,3.834145364774575E-6,137.0,78.83211678832117,41.54774165072826,137.0,1580464.0,100.0,137.21999999999989,1.4557153123832527,10088.0,0.0,1.0,0.0,1.0,0.0,1.0,0.0,0.0,0.0,0.0,0.0,0.0,0.0,1.0,0.0
138.0,9.609765333,3.857485263663644E-6,138.0,78.98550724637681,41.67881084232002,138.0,1580464.0,100.0,137.25999999999996,1.4557874747768544,10088.0,0.0,1.0,0.0,1.0,0.0,1.0,0.0,0.0,0.0,0.0,0.0,0.0,0.0,1.0,0.0
139.0,9.660594494,3.878267638727884E-6,139.0,79.13669064748201,41.80742023964197,139.0,1580464.0,100.0,137.33000000000004,1.458867348114262,10088.0,0.0,1.0,0.0,1.0,0.0,1.0,0.0,0.0,0.0,0.0,0.0,0.0,0.0,1.0,0.0
140.0,9.710886439,3.898830363808081E-6,140.0,78.57142857142857,40.54360135900339,140.0,1580464.0,100.0,142.78000000000006,1.4896667649870787,10088.0,0.0,1.0,0.0,1.0,0.0,1.0,0.0,0.0,0.0,0.0,0.0,0.0,0.0,1.0,0.0
141.0,9.779185232,3.9267554978184745E-6,141.0,78.72340425531915,40.67321178120616,141.0,1580464.0,100.0,142.84,1.4916413574964793,10088.0,0.0,1.0,0.0,1.0,0.0,1.0,0.0,0.0,0.0,0.0,0.0,0.0,0.0,1.0,0.0
142.0,9.840169207,3.951689842915342E-6,142.0,78.87323943661971,40.80044469149525,142.0,1580464.0,100.0,142.95000000000005,1.4919565487755808,10088.0,0.0,1.0,0.0,1.0,0.0,1.0,0.0,0.0,0.0,0.0,0.0,0.0,0.0,1.0,0.0
143.0,9.89288586,3.9732439514865495E-6,143.0,79.02097902097903,40.925364913247044,143.0,1580464.0,100.0,143.06,1.4963133145680194,10088.0,0.0,1.0,0.0,1.0,0.0,1.0,0.0,0.0,0.0,0.0,0.0,0.0,0.0,1.0,0.0
144.0,9.95279336,3.9977381612997104E-6,144.0,78.47222222222221,39.74082073434125,144.0,1580464.0,100.0,144.72000000000003,1.526538303456284,10088.0,0.0,1.0,0.0,1.0,0.0,1.0,0.0,0.0,0.0,0.0,0.0,0.0,0.0,1.0,0.0
145.0,10.00931163,4.020846626244114E-6,145.0,78.62068965517241,39.86622073578595,145.0,1580464.0,100.0,144.79999999999995,1.5273929726593924,10088.0,0.0,1.0,0.0,1.0,0.0,1.0,0.0,0.0,0.0,0.0,0.0,0.0,0.0,1.0,0.0
146.0,10.064311345,4.043334203907579E-6,146.0,78.76712328767124,39.98939273402281,146.0,1580464.0,100.0,144.86,1.5263358117075705,10088.0,0.0,1.0,0.0,1.0,0.0,1.0,0.0,0.0,0.0,0.0,0.0,0.0,0.0,1.0,0.0
147.0,10.119317109,4.065824254808539E-6,147.0,78.91156462585033,40.11039558417662,147.0,1580464.0,100.0,144.9,1.5287480848951889,10088.0,0.0,1.0,0.0,1.0,0.0,1.0,0.0,0.0,0.0,0.0,0.0,0.0,0.0,1.0,0.0
148.0,10.175257008,4.088696242840639E-6,148.0,79.05405405405406,40.2292860865034,148.0,1580464.0,100.0,145.85000000000005,1.5731570907964758,10088.0,0.0,1.0,0.0,1.0,0.0,1.0,0.0,0.0,0.0,0.0,0.0,0.0,0.0,1.0,0.0
149.0,10.230819568,4.111413949344772E-6,149.0,79.19463087248322,40.3461190752938,149.0,1580464.0,100.0,146.06999999999996,1.5767409810149926,10088.0,0.0,1.0,0.0,1.0,0.0,1.0,0.0,0.0,0.0,0.0,0.0,0.0,0.0,1.0,0.0
150.0,10.290915394,4.135985159476044E-6,150.0,79.33333333333333,40.46094750320101,150.0,1580464.0,100.0,146.0999999999999,1.574512911693935,10088.0,0.0,1.0,0.0,1.0,0.0,1.0,0.0,0.0,0.0,0.0,0.0,0.0,0.0,1.0,0.0
151.0,10.344118169,4.1577380273722574E-6,151.0,78.80794701986756,39.32697137117026,151.0,1580464.0,100.0,148.02,1.5859216483633334,10088.0,0.0,1.0,0.0,1.0,0.0,1.0,0.0,0.0,0.0,0.0,0.0,0.0,0.0,1.0,0.0
152.0,10.396347645,4.179092945263597E-6,152.0,78.94736842105263,39.442231075697215,152.0,1580464.0,100.0,148.06,1.5829789076997265,10088.0,0.0,1.0,0.0,1.0,0.0,1.0,0.0,0.0,0.0,0.0,0.0,0.0,0.0,1.0,0.0
153.0,10.449708289,4.2009103606106135E-6,153.0,79.08496732026144,39.55555555555556,153.0,1580464.0,100.0,148.13000000000002,1.5819470805487033,10088.0,0.0,1.0,0.0,1.0,0.0,1.0,0.0,0.0,0.0,0.0,0.0,0.0,0.0,1.0,0.0
154.0,10.502797939,4.222616975408548E-6,154.0,79.22077922077922,39.6669931439765,154.0,1580464.0,100.0,149.29000000000005,1.6044316782278418,10088.0,0.0,1.0,0.0,1.0,0.0,1.0,0.0,0.0,0.0,0.0,0.0,0.0,0.0,1.0,0.0
